order_id,customer_id,order_ts,payload
5001,10,2023-05-01 20:03:00,"{""channel"":""web"",""device"":""desktop"",""items"":[{""product_id"":102,""qty"":1},{""product_id"":107,""qty"":3}],""promo"":{""applied"":false,""code"":null}}"
5002,11,2023-05-01 15:01:00,"{""channel"":""web"",""device"":""mobile"",""items"":[{""product_id"":106,""qty"":1},{""product_id"":109,""qty"":3}],""promo"":{""applied"":false,""code"":null}}"
5003,12,2023-05-03 15:15:00,"{""channel"":""web"",""device"":""mobile"",""items"":[{""product_id"":103,""qty"":2}],""promo"":{""applied"":true,""code"":""FREESHIP""}}"
5004,10,2023-05-03 14:15:00,"{""channel"":""web"",""device"":""desktop"",""items"":[{""product_id"":111,""qty"":2},{""product_id"":104,""qty"":2},{""product_id"":101,""qty"":1}],""promo"":{""applied"":false,""code"":null}}"
5005,10,2023-05-04 13:10:00,"{""channel"":""app"",""device"":""android"",""items"":[{""product_id"":102,""qty"":3}],""promo"":{""applied"":false,""code"":null}}"
5006,10,2023-05-05 19:14:00,"{""channel"":""app"",""device"":""android"",""items"":[{""product_id"":104,""qty"":3}],""promo"":{""applied"":false,""code"":null}}"
5007,12,2023-05-08 10:08:00,"{""channel"":""store"",""device"":""pos"",""items"":[{""product_id"":108,""qty"":4},{""product_id"":104,""qty"":2}],""promo"":{""applied"":false,""code"":null}}"
5008,6,2023-05-08 14:37:00,"{""channel"":""web"",""device"":""mobile"",""items"":[{""product_id"":104,""qty"":2},{""product_id"":108,""qty"":2}],""promo"":{""applied"":false,""code"":null}}"
5009,3,2023-05-09 15:49:00,"{""channel"":""web"",""device"":""mobile"",""items"":[{""product_id"":111,""qty"":1}],""promo"":{""applied"":false,""code"":null}}"
5010,13,2023-05-10 16:15:00,"{""channel"":""store"",""device"":""pos"",""items"":[{""product_id"":103,""qty"":2}],""promo"":{""applied"":true,""code"":""SAVE10""}}"
5011,7,2023-05-11 14:23:00,"{""channel"":""app"",""device"":""ios"",""items"":[{""product_id"":112,""qty"":1}],""promo"":{""applied"":false,""code"":null}}"
5012,1,2023-05-12 21:59:00,"{""channel"":""app"",""device"":""ios"",""items"":[{""product_id"":106,""qty"":1},{""product_id"":108,""qty"":1},{""product_id"":103,""qty"":1}],""promo"":{""applied"":false,""code"":null}}"
5013,1,2023-05-12 18:54:00,"{""channel"":""web"",""device"":""desktop"",""items"":[{""product_id"":108,""qty"":1}],""promo"":{""applied"":false,""code"":null}}"
5014,7,2023-05-16 10:50:00,"{""channel"":""store"",""device"":""pos"",""items"":[{""product_id"":109,""qty"":2},{""product_id"":103,""qty"":4}],""promo"":{""applied"":false,""code"":null}}"
5015,9,2023-05-17 17:21:00,"{""channel"":""web"",""device"":""mobile"",""items"":[{""product_id"":104,""qty"":1},{""product_id"":103,""qty"":1}],""promo"":{""applied"":false,""code"":null}}"
5016,5,2023-05-17 20:03:00,"{""channel"":""app"",""device"":""ios"",""items"":[{""product_id"":103,""qty"":1},{""product_id"":109,""qty"":2}],""promo"":{""applied"":false,""code"":null}}"
5017,4,2023-05-18 10:50:00,"{""channel"":""app"",""device"":""ios"",""items"":[{""product_id"":106,""qty"":4},{""product_id"":108,""qty"":1}],""promo"":{""applied"":false,""code"":null}}"
5018,1,2023-05-19 12:05:00,"{""channel"":""web"",""device"":""desktop"",""items"":[{""product_id"":107,""qty"":1}],""promo"":{""applied"":false,""code"":null}}"
5019,5,2023-05-19 18:27:00,"{""channel"":""app"",""device"":""ios"",""items"":[{""product_id"":104,""qty"":2}],""promo"":{""applied"":false,""code"":null}}"
5020,1,2023-05-20 15:24:00,"{""channel"":""app"",""device"":""android"",""items"":[{""product_id"":108,""qty"":4}],""promo"":{""applied"":false,""code"":null}}"
5021,6,2023-05-20 11:25:00,"{""channel"":""app"",""device"":""android"",""items"":[{""product_id"":101,""qty"":1}],""promo"":{""applied"":false,""code"":null}}"
5022,7,2023-05-21 10:55:00,"{""channel"":""app"",""device"":""ios"",""items"":[{""product_id"":101,""qty"":2}],""promo"":{""applied"":true,""code"":""WELCOME5""}}"
5023,4,2023-05-22 14:05:00,"{""channel"":""web"",""device"":""mobile"",""items"":[{""product_id"":102,""qty"":2}],""promo"":{""applied"":false,""code"":null}}"
5024,2,2023-05-22 13:20:00,"{""channel"":""web"",""device"":""desktop"",""items"":[{""product_id"":111,""qty"":2},{""product_id"":104,""qty"":2}],""promo"":{""applied"":false,""code"":null}}"
5025,9,2023-05-23 11:42:00,"{""channel"":""web"",""device"":""mobile"",""items"":[{""product_id"":112,""qty"":1}],""promo"":{""applied"":false,""code"":null}}"
5026,1,2023-05-27 09:31:00,"{""channel"":""web"",""device"":""desktop"",""items"":[{""product_id"":111,""qty"":2},{""product_id"":106,""qty"":1},{""product_id"":108,""qty"":4}],""promo"":{""applied"":false,""code"":null}}"
5027,13,2023-05-28 18:46:00,"{""channel"":""web"",""device"":""mobile"",""items"":[{""product_id"":109,""qty"":1}],""promo"":{""applied"":true,""code"":""FREESHIP""}}"
5028,9,2023-05-29 17:29:00,"{""channel"":""app"",""device"":""android"",""items"":[{""product_id"":104,""qty"":3}],""promo"":{""applied"":false,""code"":null}}"
5029,10,2023-05-30 13:29:00,"{""channel"":""web"",""device"":""mobile"",""items"":[{""product_id"":107,""qty"":2},{""product_id"":108,""qty"":2}],""promo"":{""applied"":false,""code"":null}}"
5030,5,2023-05-30 21:02:00,"{""channel"":""web"",""device"":""mobile"",""items"":[{""product_id"":106,""qty"":2},{""product_id"":102,""qty"":1}],""promo"":{""applied"":false,""code"":null}}"
5031,1,2023-05-31 13:47:00,"{""channel"":""store"",""device"":""pos"",""items"":[{""product_id"":104,""qty"":2}],""promo"":{""applied"":false,""code"":null}}"
5032,4,2023-06-01 18:14:00,"{""channel"":""web"",""device"":""mobile"",""items"":[{""product_id"":106,""qty"":2}],""promo"":{""applied"":false,""code"":null}}"
5033,11,2023-06-02 17:39:00,"{""channel"":""app"",""device"":""android"",""items"":[{""product_id"":102,""qty"":2}],""promo"":{""applied"":false,""code"":null}}"
5034,8,2023-06-02 14:54:00,"{""channel"":""web"",""device"":""mobile"",""items"":[{""product_id"":108,""qty"":2}],""promo"":{""applied"":true,""code"":""SAVE10""}}"
5035,10,2023-06-03 09:59:00,"{""channel"":""app"",""device"":""ios"",""items"":[{""product_id"":109,""qty"":2}],""promo"":{""applied"":true,""code"":""FREESHIP""}}"
5036,13,2023-06-04 10:04:00,"{""channel"":""store"",""device"":""pos"",""items"":[{""product_id"":107,""qty"":1}],""promo"":{""applied"":false,""code"":null}}"
5037,3,2023-06-04 09:12:00,"{""channel"":""web"",""device"":""desktop"",""items"":[{""product_id"":111,""qty"":1}],""promo"":{""applied"":true,""code"":""SAVE10""}}"
5038,12,2023-06-05 21:13:00,"{""channel"":""app"",""device"":""android"",""items"":[{""product_id"":102,""qty"":2},{""product_id"":104,""qty"":1},{""product_id"":107,""qty"":1}],""promo"":{""applied"":false,""code"":null}}"
5039,11,2023-06-06 15:19:00,"{""channel"":""web"",""device"":""desktop"",""items"":[{""product_id"":104,""qty"":2},{""product_id"":106,""qty"":1}],""promo"":{""applied"":false,""code"":null}}"
5040,12,2023-06-07 16:32:00,"{""channel"":""web"",""device"":""mobile"",""items"":[{""product_id"":108,""qty"":2},{""product_id"":111,""qty"":4},{""product_id"":109,""qty"":4}],""promo"":{""applied"":true,""code"":""WELCOME5""}}"
5041,13,2023-06-08 09:49:00,"{""channel"":""web"",""device"":""mobile"",""items"":[{""product_id"":106,""qty"":1}],""promo"":{""applied"":false,""code"":null}}"
5042,4,2023-06-09 20:30:00,"{""channel"":""app"",""device"":""android"",""items"":[{""product_id"":108,""qty"":2}],""promo"":{""applied"":true,""code"":""SAVE10""}}"
5043,5,2023-06-10 13:43:00,"{""channel"":""web"",""device"":""desktop"",""items"":[{""product_id"":106,""qty"":2},{""product_id"":105,""qty"":3},{""product_id"":108,""qty"":1}],""promo"":{""applied"":false,""code"":null}}"
5044,1,2023-06-10 18:31:00,"{""channel"":""app"",""device"":""ios"",""items"":[{""product_id"":102,""qty"":3}],""promo"":{""applied"":false,""code"":null}}"
5045,12,2023-06-12 21:01:00,"{""channel"":""web"",""device"":""desktop"",""items"":[{""product_id"":107,""qty"":2},{""product_id"":109,""qty"":4}],""promo"":{""applied"":true,""code"":""FREESHIP""}}"
5046,5,2023-06-13 21:53:00,"{""channel"":""app"",""device"":""android"",""items"":[{""product_id"":109,""qty"":2}],""promo"":{""applied"":false,""code"":null}}"
5047,5,2023-06-13 17:10:00,"{""channel"":""app"",""device"":""ios"",""items"":[{""product_id"":102,""qty"":1},{""product_id"":108,""qty"":3},{""product_id"":104,""qty"":3}],""promo"":{""applied"":false,""code"":null}}"
5048,6,2023-06-13 21:26:00,"{""channel"":""app"",""device"":""ios"",""items"":[{""product_id"":103,""qty"":4}],""promo"":{""applied"":false,""code"":null}}"
5049,3,2023-06-14 19:31:00,"{""channel"":""app"",""device"":""android"",""items"":[{""product_id"":107,""qty"":1},{""product_id"":105,""qty"":3}],""promo"":{""applied"":false,""code"":null}}"
5050,1,2023-06-16 12:30:00,"{""channel"":""app"",""device"":""android"",""items"":[{""product_id"":111,""qty"":2},{""product_id"":104,""qty"":1}],""promo"":{""applied"":false,""code"":null}}"
5051,3,2023-06-16 18:00:00,"{""channel"":""app"",""device"":""ios"",""items"":[{""product_id"":102,""qty"":1},{""product_id"":104,""qty"":4}],""promo"":{""applied"":false,""code"":null}}"
5052,1,2023-06-21 09:29:00,"{""channel"":""app"",""device"":""android"",""items"":[{""product_id"":102,""qty"":2},{""product_id"":106,""qty"":2},{""product_id"":107,""qty"":1}],""promo"":{""applied"":false,""code"":null}}"
5053,7,2023-06-21 17:37:00,"{""channel"":""web"",""device"":""mobile"",""items"":[{""product_id"":102,""qty"":3},{""product_id"":107,""qty"":3},{""product_id"":104,""qty"":2}],""promo"":{""applied"":false,""code"":null}}"
5054,5,2023-06-22 10:13:00,"{""channel"":""web"",""device"":""desktop"",""items"":[{""product_id"":104,""qty"":2},{""product_id"":108,""qty"":4},{""product_id"":101,""qty"":4}],""promo"":{""applied"":false,""code"":null}}"
5055,2,2023-06-24 11:46:00,"{""channel"":""web"",""device"":""mobile"",""items"":[{""product_id"":112,""qty"":2}],""promo"":{""applied"":true,""code"":""WELCOME5""}}"
5056,1,2023-06-24 09:55:00,"{""channel"":""web"",""device"":""mobile"",""items"":[{""product_id"":104,""qty"":4}],""promo"":{""applied"":false,""code"":null}}"
5057,3,2023-06-25 16:50:00,"{""channel"":""store"",""device"":""pos"",""items"":[{""product_id"":102,""qty"":1},{""product_id"":105,""qty"":1},{""product_id"":109,""qty"":2}],""promo"":{""applied"":false,""code"":null}}"
5058,3,2023-06-25 16:27:00,"{""channel"":""store"",""device"":""pos"",""items"":[{""product_id"":111,""qty"":1}],""promo"":{""applied"":false,""code"":null}}"
5059,10,2023-06-25 19:20:00,"{""channel"":""web"",""device"":""mobile"",""items"":[{""product_id"":102,""qty"":1}],""promo"":{""applied"":false,""code"":null}}"
5060,4,2023-06-26 16:33:00,"{""channel"":""web"",""device"":""mobile"",""items"":[{""product_id"":103,""qty"":3}],""promo"":{""applied"":false,""code"":null}}"
5061,3,2023-06-26 20:51:00,"{""channel"":""web"",""device"":""desktop"",""items"":[{""product_id"":103,""qty"":1}],""promo"":{""applied"":false,""code"":null}}"
5062,10,2023-06-26 19:21:00,"{""channel"":""web"",""device"":""mobile"",""items"":[{""product_id"":103,""qty"":1},{""product_id"":106,""qty"":1},{""product_id"":104,""qty"":4}],""promo"":{""applied"":false,""code"":null}}"
5063,11,2023-06-28 15:35:00,"{""channel"":""web"",""device"":""desktop"",""items"":[{""product_id"":106,""qty"":1},{""product_id"":104,""qty"":2},{""product_id"":109,""qty"":3}],""promo"":{""applied"":false,""code"":null}}"
5064,12,2023-06-29 14:59:00,"{""channel"":""app"",""device"":""ios"",""items"":[{""product_id"":107,""qty"":3},{""product_id"":111,""qty"":2},{""product_id"":102,""qty"":3}],""promo"":{""applied"":false,""code"":null}}"
5065,11,2023-06-29 15:20:00,"{""channel"":""web"",""device"":""desktop"",""items"":[{""product_id"":107,""qty"":1}],""promo"":{""applied"":false,""code"":null}}"
5066,4,2023-06-29 20:19:00,"{""channel"":""app"",""device"":""ios"",""items"":[{""product_id"":103,""qty"":2},{""product_id"":101,""qty"":1},{""product_id"":106,""qty"":1}],""promo"":{""applied"":false,""code"":null}}"
5067,11,2023-06-30 19:30:00,"{""channel"":""app"",""device"":""ios"",""items"":[{""product_id"":111,""qty"":2}],""promo"":{""applied"":false,""code"":null}}"
5068,11,2023-07-01 18:25:00,"{""channel"":""store"",""device"":""pos"",""items"":[{""product_id"":105,""qty"":4},{""product_id"":102,""qty"":2}],""promo"":{""applied"":false,""code"":null}}"
5069,2,2023-07-01 19:51:00,"{""channel"":""web"",""device"":""mobile"",""items"":[{""product_id"":103,""qty"":1},{""product_id"":109,""qty"":4}],""promo"":{""applied"":false,""code"":null}}"
5070,6,2023-07-01 21:07:00,"{""channel"":""app"",""device"":""android"",""items"":[{""product_id"":112,""qty"":3}],""promo"":{""applied"":true,""code"":""FREESHIP""}}"
5071,6,2023-07-02 15:48:00,"{""channel"":""web"",""device"":""mobile"",""items"":[{""product_id"":105,""qty"":1},{""product_id"":101,""qty"":4},{""product_id"":103,""qty"":3}],""promo"":{""applied"":true,""code"":""WELCOME5""}}"
5072,6,2023-07-03 20:12:00,"{""channel"":""web"",""device"":""desktop"",""items"":[{""product_id"":101,""qty"":1},{""product_id"":105,""qty"":2},{""product_id"":111,""qty"":1}],""promo"":{""applied"":false,""code"":null}}"
5073,12,2023-07-04 10:31:00,"{""channel"":""store"",""device"":""pos"",""items"":[{""product_id"":112,""qty"":2},{""product_id"":105,""qty"":4}],""promo"":{""applied"":false,""code"":null}}"
5074,10,2023-07-05 15:51:00,"{""channel"":""app"",""device"":""android"",""items"":[{""product_id"":102,""qty"":1},{""product_id"":101,""qty"":2},{""product_id"":107,""qty"":1}],""promo"":{""applied"":true,""code"":""FREESHIP""}}"
5075,2,2023-07-05 10:45:00,"{""channel"":""store"",""device"":""pos"",""items"":[{""product_id"":109,""qty"":1},{""product_id"":101,""qty"":3}],""promo"":{""applied"":true,""code"":""WELCOME5""}}"
5076,6,2023-07-05 15:31:00,"{""channel"":""web"",""device"":""mobile"",""items"":[{""product_id"":111,""qty"":1},{""product_id"":107,""qty"":2}],""promo"":{""applied"":false,""code"":null}}"
5077,5,2023-07-06 20:28:00,"{""channel"":""web"",""device"":""desktop"",""items"":[{""product_id"":107,""qty"":2}],""promo"":{""applied"":false,""code"":null}}"
5078,1,2023-07-06 13:24:00,"{""channel"":""web"",""device"":""mobile"",""items"":[{""product_id"":105,""qty"":1}],""promo"":{""applied"":true,""code"":""FREESHIP""}}"
5079,8,2023-07-07 15:41:00,"{""channel"":""app"",""device"":""ios"",""items"":[{""product_id"":102,""qty"":1},{""product_id"":105,""qty"":2}],""promo"":{""applied"":true,""code"":""FREESHIP""}}"
5080,12,2023-07-08 20:04:00,"{""channel"":""web"",""device"":""mobile"",""items"":[{""product_id"":112,""qty"":4},{""product_id"":109,""qty"":2}],""promo"":{""applied"":true,""code"":""SAVE10""}}"
5081,5,2023-07-10 13:09:00,"{""channel"":""app"",""device"":""ios"",""items"":[{""product_id"":107,""qty"":1},{""product_id"":109,""qty"":1}],""promo"":{""applied"":false,""code"":null}}"
5082,3,2023-07-10 11:51:00,"{""channel"":""app"",""device"":""ios"",""items"":[{""product_id"":105,""qty"":1}],""promo"":{""applied"":true,""code"":""WELCOME5""}}"
5083,1,2023-07-11 17:35:00,"{""channel"":""web"",""device"":""mobile"",""items"":[{""product_id"":112,""qty"":4},{""product_id"":106,""qty"":1}],""promo"":{""applied"":false,""code"":null}}"
5084,12,2023-07-11 09:01:00,"{""channel"":""web"",""device"":""desktop"",""items"":[{""product_id"":105,""qty"":4},{""product_id"":104,""qty"":2},{""product_id"":106,""qty"":2}],""promo"":{""applied"":false,""code"":null}}"
5085,4,2023-07-12 15:54:00,"{""channel"":""app"",""device"":""ios"",""items"":[{""product_id"":103,""qty"":3},{""product_id"":112,""qty"":1}],""promo"":{""applied"":false,""code"":null}}"
5086,3,2023-07-12 09:43:00,"{""channel"":""app"",""device"":""ios"",""items"":[{""product_id"":104,""qty"":3},{""product_id"":101,""qty"":4}],""promo"":{""applied"":true,""code"":""FREESHIP""}}"
5087,12,2023-07-13 18:28:00,"{""channel"":""web"",""device"":""desktop"",""items"":[{""product_id"":107,""qty"":1},{""product_id"":111,""qty"":4}],""promo"":{""applied"":false,""code"":null}}"
5088,13,2023-07-13 12:53:00,"{""channel"":""app"",""device"":""android"",""items"":[{""product_id"":101,""qty"":1}],""promo"":{""applied"":true,""code"":""WELCOME5""}}"
5089,9,2023-07-13 17:46:00,"{""channel"":""web"",""device"":""desktop"",""items"":[{""product_id"":104,""qty"":1}],""promo"":{""applied"":false,""code"":null}}"
5090,12,2023-07-14 10:21:00,"{""channel"":""web"",""device"":""mobile"",""items"":[{""product_id"":101,""qty"":1},{""product_id"":109,""qty"":4},{""product_id"":108,""qty"":2}],""promo"":{""applied"":true,""code"":""WELCOME5""}}"
5091,3,2023-07-14 16:29:00,"{""channel"":""app"",""device"":""ios"",""items"":[{""product_id"":108,""qty"":2},{""product_id"":103,""qty"":1}],""promo"":{""applied"":false,""code"":null}}"
5092,13,2023-07-14 21:31:00,"{""channel"":""web"",""device"":""mobile"",""items"":[{""product_id"":101,""qty"":4}],""promo"":{""applied"":false,""code"":null}}"
5093,7,2023-07-15 16:35:00,"{""channel"":""app"",""device"":""ios"",""items"":[{""product_id"":101,""qty"":1},{""product_id"":104,""qty"":2},{""product_id"":107,""qty"":4}],""promo"":{""applied"":true,""code"":""SAVE10""}}"
5094,4,2023-07-16 20:56:00,"{""channel"":""web"",""device"":""mobile"",""items"":[{""product_id"":112,""qty"":2},{""product_id"":101,""qty"":1},{""product_id"":106,""qty"":2}],""promo"":{""applied"":false,""code"":null}}"
5095,6,2023-07-16 13:02:00,"{""channel"":""web"",""device"":""mobile"",""items"":[{""product_id"":108,""qty"":3}],""promo"":{""applied"":false,""code"":null}}"
5096,11,2023-07-17 13:07:00,"{""channel"":""web"",""device"":""desktop"",""items"":[{""product_id"":111,""qty"":1},{""product_id"":101,""qty"":2}],""promo"":{""applied"":false,""code"":null}}"
5097,8,2023-07-17 10:41:00,"{""channel"":""web"",""device"":""mobile"",""items"":[{""product_id"":103,""qty"":2},{""product_id"":107,""qty"":1}],""promo"":{""applied"":true,""code"":""SAVE10""}}"
5098,12,2023-07-18 21:34:00,"{""channel"":""web"",""device"":""desktop"",""items"":[{""product_id"":104,""qty"":1},{""product_id"":107,""qty"":1},{""product_id"":103,""qty"":2}],""promo"":{""applied"":true,""code"":""WELCOME5""}}"
5099,13,2023-07-18 17:21:00,"{""channel"":""web"",""device"":""desktop"",""items"":[{""product_id"":104,""qty"":3},{""product_id"":101,""qty"":1}],""promo"":{""applied"":true,""code"":""SAVE10""}}"
5100,11,2023-07-19 10:39:00,"{""channel"":""app"",""device"":""android"",""items"":[{""product_id"":109,""qty"":3}],""promo"":{""applied"":true,""code"":""WELCOME5""}}"
5101,6,2023-07-19 12:33:00,"{""channel"":""web"",""device"":""desktop"",""items"":[{""product_id"":107,""qty"":4},{""product_id"":109,""qty"":2}],""promo"":{""applied"":true,""code"":""FREESHIP""}}"
5102,13,2023-07-19 13:05:00,"{""channel"":""app"",""device"":""android"",""items"":[{""product_id"":102,""qty"":3},{""product_id"":106,""qty"":2},{""product_id"":112,""qty"":2}],""promo"":{""applied"":true,""code"":""SAVE10""}}"
5103,4,2023-07-20 16:10:00,"{""channel"":""web"",""device"":""mobile"",""items"":[{""product_id"":105,""qty"":1}],""promo"":{""applied"":false,""code"":null}}"
5104,9,2023-07-21 20:19:00,"{""channel"":""web"",""device"":""mobile"",""items"":[{""product_id"":109,""qty"":1}],""promo"":{""applied"":false,""code"":null}}"
5105,13,2023-07-22 17:19:00,"{""channel"":""app"",""device"":""android"",""items"":[{""product_id"":107,""qty"":2}],""promo"":{""applied"":false,""code"":null}}"
5106,7,2023-07-23 13:21:00,"{""channel"":""app"",""device"":""android"",""items"":[{""product_id"":101,""qty"":4}],""promo"":{""applied"":false,""code"":null}}"
5107,10,2023-07-23 20:54:00,"{""channel"":""web"",""device"":""mobile"",""items"":[{""product_id"":103,""qty"":1}],""promo"":{""applied"":true,""code"":""FREESHIP""}}"
5108,10,2023-07-24 20:09:00,"{""channel"":""app"",""device"":""ios"",""items"":[{""product_id"":111,""qty"":4}],""promo"":{""applied"":false,""code"":null}}"
5109,7,2023-07-24 17:49:00,"{""channel"":""web"",""device"":""mobile"",""items"":[{""product_id"":109,""qty"":2}],""promo"":{""applied"":true,""code"":""WELCOME5""}}"
5110,10,2023-07-24 15:20:00,"{""channel"":""app"",""device"":""ios"",""items"":[{""product_id"":107,""qty"":1},{""product_id"":109,""qty"":4}],""promo"":{""applied"":true,""code"":""FREESHIP""}}"
5111,9,2023-07-25 17:34:00,"{""channel"":""web"",""device"":""mobile"",""items"":[{""product_id"":105,""qty"":1},{""product_id"":103,""qty"":2}],""promo"":{""applied"":false,""code"":null}}"
5112,12,2023-07-26 10:14:00,"{""channel"":""web"",""device"":""desktop"",""items"":[{""product_id"":108,""qty"":1}],""promo"":{""applied"":true,""code"":""WELCOME5""}}"
5113,11,2023-07-27 12:24:00,"{""channel"":""web"",""device"":""desktop"",""items"":[{""product_id"":101,""qty"":2},{""product_id"":102,""qty"":4},{""product_id"":112,""qty"":1}],""promo"":{""applied"":false,""code"":null}}"
5114,13,2023-07-28 09:01:00,"{""channel"":""web"",""device"":""mobile"",""items"":[{""product_id"":107,""qty"":2}],""promo"":{""applied"":true,""code"":""SAVE10""}}"
5115,6,2023-07-29 09:33:00,"{""channel"":""web"",""device"":""mobile"",""items"":[{""product_id"":106,""qty"":1},{""product_id"":109,""qty"":3}],""promo"":{""applied"":false,""code"":null}}"
5116,12,2023-07-29 11:46:00,"{""channel"":""app"",""device"":""ios"",""items"":[{""product_id"":106,""qty"":3},{""product_id"":101,""qty"":2},{""product_id"":102,""qty"":2}],""promo"":{""applied"":false,""code"":null}}"
5117,10,2023-07-30 17:38:00,"{""channel"":""web"",""device"":""desktop"",""items"":[{""product_id"":111,""qty"":3}],""promo"":{""applied"":false,""code"":null}}"
5118,3,2023-07-30 13:50:00,"{""channel"":""store"",""device"":""pos"",""items"":[{""product_id"":103,""qty"":1}],""promo"":{""applied"":false,""code"":null}}"
5119,11,2023-07-31 13:14:00,"{""channel"":""app"",""device"":""ios"",""items"":[{""product_id"":108,""qty"":1}],""promo"":{""applied"":false,""code"":null}}"
5120,8,2023-07-31 16:55:00,"{""channel"":""web"",""device"":""mobile"",""items"":[{""product_id"":101,""qty"":4},{""product_id"":104,""qty"":2}],""promo"":{""applied"":false,""code"":null}}"
5121,13,2023-08-01 14:06:00,"{""channel"":""app"",""device"":""android"",""items"":[{""product_id"":102,""qty"":4},{""product_id"":112,""qty"":2}],""promo"":{""applied"":false,""code"":null}}"
5122,10,2023-08-01 10:38:00,"{""channel"":""store"",""device"":""pos"",""items"":[{""product_id"":103,""qty"":4}],""promo"":{""applied"":false,""code"":null}}"
5123,9,2023-08-01 10:13:00,"{""channel"":""web"",""device"":""desktop"",""items"":[{""product_id"":105,""qty"":1}],""promo"":{""applied"":false,""code"":null}}"
5124,9,2023-08-02 10:19:00,"{""channel"":""web"",""device"":""mobile"",""items"":[{""product_id"":101,""qty"":2},{""product_id"":105,""qty"":1},{""product_id"":104,""qty"":4}],""promo"":{""applied"":false,""code"":null}}"
5125,4,2023-08-02 19:52:00,"{""channel"":""web"",""device"":""desktop"",""items"":[{""product_id"":105,""qty"":2}],""promo"":{""applied"":false,""code"":null}}"
5126,2,2023-08-03 10:15:00,"{""channel"":""app"",""device"":""android"",""items"":[{""product_id"":108,""qty"":1}],""promo"":{""applied"":false,""code"":null}}"
5127,1,2023-08-03 17:02:00,"{""channel"":""web"",""device"":""desktop"",""items"":[{""product_id"":106,""qty"":2},{""product_id"":109,""qty"":3},{""product_id"":111,""qty"":1}],""promo"":{""applied"":false,""code"":null}}"
5128,10,2023-08-04 10:19:00,"{""channel"":""app"",""device"":""android"",""items"":[{""product_id"":105,""qty"":1}],""promo"":{""applied"":true,""code"":""WELCOME5""}}"
5129,7,2023-08-04 12:34:00,"{""channel"":""store"",""device"":""pos"",""items"":[{""product_id"":103,""qty"":2},{""product_id"":111,""qty"":1}],""promo"":{""applied"":false,""code"":null}}"
5130,6,2023-08-05 17:10:00,"{""channel"":""web"",""device"":""mobile"",""items"":[{""product_id"":107,""qty"":3},{""product_id"":104,""qty"":2},{""product_id"":111,""qty"":2}],""promo"":{""applied"":false,""code"":null}}"
5131,11,2023-08-06 11:52:00,"{""channel"":""web"",""device"":""desktop"",""items"":[{""product_id"":109,""qty"":1},{""product_id"":108,""qty"":1}],""promo"":{""applied"":true,""code"":""SAVE10""}}"
5132,3,2023-08-06 11:43:00,"{""channel"":""web"",""device"":""mobile"",""items"":[{""product_id"":105,""qty"":4}],""promo"":{""applied"":false,""code"":null}}"
5133,4,2023-08-06 15:49:00,"{""channel"":""web"",""device"":""mobile"",""items"":[{""product_id"":104,""qty"":3},{""product_id"":108,""qty"":1},{""product_id"":102,""qty"":2}],""promo"":{""applied"":false,""code"":null}}"
5134,11,2023-08-07 20:00:00,"{""channel"":""app"",""device"":""ios"",""items"":[{""product_id"":107,""qty"":2},{""product_id"":102,""qty"":1}],""promo"":{""applied"":false,""code"":null}}"
5135,10,2023-08-07 19:08:00,"{""channel"":""web"",""device"":""desktop"",""items"":[{""product_id"":109,""qty"":1},{""product_id"":108,""qty"":2}],""promo"":{""applied"":true,""code"":""FREESHIP""}}"
5136,2,2023-08-08 19:24:00,"{""channel"":""app"",""device"":""android"",""items"":[{""product_id"":103,""qty"":1},{""product_id"":105,""qty"":4}],""promo"":{""applied"":false,""code"":null}}"
5137,11,2023-08-09 20:10:00,"{""channel"":""app"",""device"":""ios"",""items"":[{""product_id"":108,""qty"":1}],""promo"":{""applied"":true,""code"":""SAVE10""}}"
5138,13,2023-08-10 16:39:00,"{""channel"":""store"",""device"":""pos"",""items"":[{""product_id"":102,""qty"":2},{""product_id"":101,""qty"":1},{""product_id"":107,""qty"":2}],""promo"":{""applied"":true,""code"":""FREESHIP""}}"
5139,7,2023-08-11 21:16:00,"{""channel"":""app"",""device"":""ios"",""items"":[{""product_id"":109,""qty"":1},{""product_id"":108,""qty"":1}],""promo"":{""applied"":true,""code"":""FREESHIP""}}"
5140,1,2023-08-12 13:43:00,"{""channel"":""store"",""device"":""pos"",""items"":[{""product_id"":108,""qty"":1}],""promo"":{""applied"":false,""code"":null}}"
5141,10,2023-08-12 14:17:00,"{""channel"":""web"",""device"":""mobile"",""items"":[{""product_id"":109,""qty"":1},{""product_id"":112,""qty"":2}],""promo"":{""applied"":true,""code"":""SAVE10""}}"
5142,13,2023-08-12 20:04:00,"{""channel"":""web"",""device"":""desktop"",""items"":[{""product_id"":109,""qty"":4},{""product_id"":103,""qty"":2}],""promo"":{""applied"":false,""code"":null}}"
5143,10,2023-08-13 19:46:00,"{""channel"":""web"",""device"":""mobile"",""items"":[{""product_id"":106,""qty"":4}],""promo"":{""applied"":false,""code"":null}}"
5144,4,2023-08-13 13:31:00,"{""channel"":""web"",""device"":""mobile"",""items"":[{""product_id"":109,""qty"":4},{""product_id"":103,""qty"":3},{""product_id"":107,""qty"":1}],""promo"":{""applied"":false,""code"":null}}"
5145,2,2023-08-14 16:48:00,"{""channel"":""app"",""device"":""ios"",""items"":[{""product_id"":109,""qty"":2}],""promo"":{""applied"":false,""code"":null}}"
5146,1,2023-08-15 14:28:00,"{""channel"":""web"",""device"":""desktop"",""items"":[{""product_id"":111,""qty"":2}],""promo"":{""applied"":true,""code"":""FREESHIP""}}"
5147,8,2023-08-16 16:34:00,"{""channel"":""store"",""device"":""pos"",""items"":[{""product_id"":105,""qty"":1},{""product_id"":111,""qty"":4}],""promo"":{""applied"":true,""code"":""FREESHIP""}}"
5148,6,2023-08-17 13:12:00,"{""channel"":""web"",""device"":""desktop"",""items"":[{""product_id"":111,""qty"":1},{""product_id"":101,""qty"":1}],""promo"":{""applied"":false,""code"":null}}"
5149,7,2023-08-17 21:51:00,"{""channel"":""web"",""device"":""desktop"",""items"":[{""product_id"":109,""qty"":1}],""promo"":{""applied"":false,""code"":null}}"
5150,2,2023-08-19 15:21:00,"{""channel"":""app"",""device"":""android"",""items"":[{""product_id"":103,""qty"":1}],""promo"":{""applied"":true,""code"":""WELCOME5""}}"
5151,10,2023-08-20 14:54:00,"{""channel"":""store"",""device"":""pos"",""items"":[{""product_id"":106,""qty"":1},{""product_id"":108,""qty"":1},{""product_id"":104,""qty"":1}],""promo"":{""applied"":true,""code"":""WELCOME5""}}"
5152,3,2023-08-20 11:20:00,"{""channel"":""app"",""device"":""ios"",""items"":[{""product_id"":107,""qty"":2},{""product_id"":106,""qty"":1},{""product_id"":111,""qty"":3}],""promo"":{""applied"":true,""code"":""WELCOME5""}}"
5153,4,2023-08-20 20:21:00,"{""channel"":""web"",""device"":""mobile"",""items"":[{""product_id"":104,""qty"":1}],""promo"":{""applied"":true,""code"":""FREESHIP""}}"
5154,1,2023-08-21 21:55:00,"{""channel"":""app"",""device"":""ios"",""items"":[{""product_id"":106,""qty"":1},{""product_id"":104,""qty"":2}],""promo"":{""applied"":true,""code"":""FREESHIP""}}"
5155,11,2023-08-22 12:28:00,"{""channel"":""web"",""device"":""desktop"",""items"":[{""product_id"":111,""qty"":4},{""product_id"":108,""qty"":2},{""product_id"":105,""qty"":2}],""promo"":{""applied"":false,""code"":null}}"
5156,9,2023-08-22 10:41:00,"{""channel"":""web"",""device"":""desktop"",""items"":[{""product_id"":112,""qty"":1}],""promo"":{""applied"":false,""code"":null}}"
5157,8,2023-08-22 21:05:00,"{""channel"":""web"",""device"":""mobile"",""items"":[{""product_id"":105,""qty"":2},{""product_id"":112,""qty"":1}],""promo"":{""applied"":false,""code"":null}}"
5158,3,2023-08-23 19:00:00,"{""channel"":""web"",""device"":""desktop"",""items"":[{""product_id"":107,""qty"":1}],""promo"":{""applied"":false,""code"":null}}"
5159,3,2023-08-24 14:01:00,"{""channel"":""web"",""device"":""mobile"",""items"":[{""product_id"":105,""qty"":1}],""promo"":{""applied"":false,""code"":null}}"
5160,8,2023-08-24 18:27:00,"{""channel"":""app"",""device"":""ios"",""items"":[{""product_id"":104,""qty"":2}],""promo"":{""applied"":false,""code"":null}}"
5161,6,2023-08-26 14:14:00,"{""channel"":""web"",""device"":""mobile"",""items"":[{""product_id"":101,""qty"":2},{""product_id"":106,""qty"":2}],""promo"":{""applied"":false,""code"":null}}"
5162,4,2023-08-27 17:58:00,"{""channel"":""web"",""device"":""desktop"",""items"":[{""product_id"":111,""qty"":1},{""product_id"":107,""qty"":3},{""product_id"":106,""qty"":1}],""promo"":{""applied"":true,""code"":""SAVE10""}}"
5163,11,2023-08-27 15:04:00,"{""channel"":""web"",""device"":""desktop"",""items"":[{""product_id"":109,""qty"":1},{""product_id"":111,""qty"":4},{""product_id"":106,""qty"":1}],""promo"":{""applied"":false,""code"":null}}"
5164,10,2023-08-28 18:22:00,"{""channel"":""web"",""device"":""desktop"",""items"":[{""product_id"":107,""qty"":1}],""promo"":{""applied"":false,""code"":null}}"
5165,10,2023-08-29 18:59:00,"{""channel"":""app"",""device"":""android"",""items"":[{""product_id"":112,""qty"":1},{""product_id"":103,""qty"":3}],""promo"":{""applied"":false,""code"":null}}"
5166,3,2023-08-30 17:17:00,"{""channel"":""web"",""device"":""desktop"",""items"":[{""product_id"":104,""qty"":1}],""promo"":{""applied"":false,""code"":null}}"
5167,9,2023-08-30 13:00:00,"{""channel"":""app"",""device"":""ios"",""items"":[{""product_id"":109,""qty"":2}],""promo"":{""applied"":false,""code"":null}}"
5168,7,2023-08-30 13:09:00,"{""channel"":""app"",""device"":""ios"",""items"":[{""product_id"":102,""qty"":2}],""promo"":{""applied"":false,""code"":null}}"
5169,5,2023-09-01 12:03:00,"{""channel"":""web"",""device"":""mobile"",""items"":[{""product_id"":102,""qty"":1},{""product_id"":103,""qty"":1},{""product_id"":106,""qty"":1}],""promo"":{""applied"":false,""code"":null}}"
5170,12,2023-09-03 16:39:00,"{""channel"":""app"",""device"":""android"",""items"":[{""product_id"":104,""qty"":1},{""product_id"":106,""qty"":1}],""promo"":{""applied"":true,""code"":""FREESHIP""}}"
5171,5,2023-09-03 17:45:00,"{""channel"":""web"",""device"":""mobile"",""items"":[{""product_id"":107,""qty"":1}],""promo"":{""applied"":true,""code"":""WELCOME5""}}"
5172,3,2023-09-03 11:35:00,"{""channel"":""web"",""device"":""mobile"",""items"":[{""product_id"":106,""qty"":3},{""product_id"":109,""qty"":1}],""promo"":{""applied"":false,""code"":null}}"
5173,12,2023-09-04 12:35:00,"{""channel"":""app"",""device"":""ios"",""items"":[{""product_id"":112,""qty"":1},{""product_id"":105,""qty"":1}],""promo"":{""applied"":true,""code"":""FREESHIP""}}"
5174,10,2023-09-05 17:52:00,"{""channel"":""web"",""device"":""desktop"",""items"":[{""product_id"":103,""qty"":1}],""promo"":{""applied"":false,""code"":null}}"
5175,6,2023-09-05 19:37:00,"{""channel"":""web"",""device"":""desktop"",""items"":[{""product_id"":105,""qty"":1},{""product_id"":111,""qty"":2}],""promo"":{""applied"":false,""code"":null}}"
5176,7,2023-09-06 21:35:00,"{""channel"":""app"",""device"":""ios"",""items"":[{""product_id"":105,""qty"":1}],""promo"":{""applied"":true,""code"":""WELCOME5""}}"
5177,9,2023-09-06 10:11:00,"{""channel"":""web"",""device"":""mobile"",""items"":[{""product_id"":102,""qty"":1},{""product_id"":101,""qty"":1}],""promo"":{""applied"":false,""code"":null}}"
5178,5,2023-09-07 13:31:00,"{""channel"":""store"",""device"":""pos"",""items"":[{""product_id"":112,""qty"":2}],""promo"":{""applied"":false,""code"":null}}"
5179,1,2023-09-07 12:01:00,"{""channel"":""app"",""device"":""android"",""items"":[{""product_id"":102,""qty"":3}],""promo"":{""applied"":true,""code"":""FREESHIP""}}"
5180,8,2023-09-08 14:54:00,"{""channel"":""store"",""device"":""pos"",""items"":[{""product_id"":105,""qty"":4}],""promo"":{""applied"":false,""code"":null}}"
5181,8,2023-09-08 15:05:00,"{""channel"":""app"",""device"":""android"",""items"":[{""product_id"":109,""qty"":4},{""product_id"":111,""qty"":1}],""promo"":{""applied"":false,""code"":null}}"
5182,13,2023-09-09 11:21:00,"{""channel"":""web"",""device"":""mobile"",""items"":[{""product_id"":108,""qty"":1}],""promo"":{""applied"":false,""code"":null}}"
5183,5,2023-09-11 09:34:00,"{""channel"":""app"",""device"":""android"",""items"":[{""product_id"":107,""qty"":3},{""product_id"":105,""qty"":1}],""promo"":{""applied"":true,""code"":""WELCOME5""}}"
5184,1,2023-09-11 09:22:00,"{""channel"":""web"",""device"":""mobile"",""items"":[{""product_id"":104,""qty"":4},{""product_id"":106,""qty"":2}],""promo"":{""applied"":true,""code"":""FREESHIP""}}"
5185,4,2023-09-12 09:29:00,"{""channel"":""web"",""device"":""mobile"",""items"":[{""product_id"":101,""qty"":1},{""product_id"":103,""qty"":4}],""promo"":{""applied"":false,""code"":null}}"
5186,2,2023-09-12 18:03:00,"{""channel"":""web"",""device"":""mobile"",""items"":[{""product_id"":102,""qty"":2}],""promo"":{""applied"":false,""code"":null}}"
5187,12,2023-09-13 15:19:00,"{""channel"":""web"",""device"":""mobile"",""items"":[{""product_id"":103,""qty"":4},{""product_id"":102,""qty"":1}],""promo"":{""applied"":true,""code"":""FREESHIP""}}"
5188,10,2023-09-13 14:48:00,"{""channel"":""web"",""device"":""desktop"",""items"":[{""product_id"":108,""qty"":3},{""product_id"":109,""qty"":1},{""product_id"":107,""qty"":3}],""promo"":{""applied"":true,""code"":""WELCOME5""}}"
5189,13,2023-09-14 15:40:00,"{""channel"":""web"",""device"":""desktop"",""items"":[{""product_id"":104,""qty"":2}],""promo"":{""applied"":true,""code"":""SAVE10""}}"
5190,9,2023-09-14 17:10:00,"{""channel"":""web"",""device"":""desktop"",""items"":[{""product_id"":107,""qty"":2},{""product_id"":105,""qty"":1}],""promo"":{""applied"":false,""code"":null}}"
5191,8,2023-09-16 11:26:00,"{""channel"":""web"",""device"":""mobile"",""items"":[{""product_id"":107,""qty"":4}],""promo"":{""applied"":false,""code"":null}}"
5192,8,2023-09-16 15:21:00,"{""channel"":""app"",""device"":""android"",""items"":[{""product_id"":102,""qty"":1},{""product_id"":105,""qty"":4}],""promo"":{""applied"":false,""code"":null}}"
5193,13,2023-09-17 20:37:00,"{""channel"":""web"",""device"":""mobile"",""items"":[{""product_id"":102,""qty"":3}],""promo"":{""applied"":true,""code"":""FREESHIP""}}"
5194,2,2023-09-17 19:55:00,"{""channel"":""web"",""device"":""mobile"",""items"":[{""product_id"":105,""qty"":3},{""product_id"":102,""qty"":1}],""promo"":{""applied"":true,""code"":""WELCOME5""}}"
5195,2,2023-09-18 10:33:00,"{""channel"":""web"",""device"":""mobile"",""items"":[{""product_id"":107,""qty"":3},{""product_id"":102,""qty"":3},{""product_id"":105,""qty"":2}],""promo"":{""applied"":false,""code"":null}}"
5196,3,2023-09-19 20:52:00,"{""channel"":""app"",""device"":""android"",""items"":[{""product_id"":106,""qty"":2}],""promo"":{""applied"":false,""code"":null}}"
5197,7,2023-09-20 11:09:00,"{""channel"":""web"",""device"":""desktop"",""items"":[{""product_id"":108,""qty"":1}],""promo"":{""applied"":false,""code"":null}}"
5198,1,2023-09-20 13:27:00,"{""channel"":""app"",""device"":""ios"",""items"":[{""product_id"":111,""qty"":2}],""promo"":{""applied"":false,""code"":null}}"
5199,3,2023-09-20 19:48:00,"{""channel"":""web"",""device"":""mobile"",""items"":[{""product_id"":107,""qty"":1}],""promo"":{""applied"":false,""code"":null}}"
5200,4,2023-09-21 10:09:00,"{""channel"":""app"",""device"":""ios"",""items"":[{""product_id"":106,""qty"":1},{""product_id"":104,""qty"":1}],""promo"":{""applied"":false,""code"":null}}"
5201,10,2023-09-21 13:35:00,"{""channel"":""web"",""device"":""mobile"",""items"":[{""product_id"":105,""qty"":1},{""product_id"":112,""qty"":2},{""product_id"":107,""qty"":2}],""promo"":{""applied"":false,""code"":null}}"
5202,13,2023-09-21 11:34:00,"{""channel"":""app"",""device"":""android"",""items"":[{""product_id"":107,""qty"":2}],""promo"":{""applied"":false,""code"":null}}"
5203,11,2023-09-22 21:40:00,"{""channel"":""web"",""device"":""desktop"",""items"":[{""product_id"":108,""qty"":1}],""promo"":{""applied"":false,""code"":null}}"
5204,6,2023-09-24 21:18:00,"{""channel"":""web"",""device"":""desktop"",""items"":[{""product_id"":109,""qty"":4},{""product_id"":102,""qty"":1}],""promo"":{""applied"":false,""code"":null}}"
5205,5,2023-09-25 09:22:00,"{""channel"":""web"",""device"":""desktop"",""items"":[{""product_id"":101,""qty"":4},{""product_id"":106,""qty"":1}],""promo"":{""applied"":false,""code"":null}}"
5206,13,2023-09-26 11:10:00,"{""channel"":""app"",""device"":""ios"",""items"":[{""product_id"":108,""qty"":2}],""promo"":{""applied"":false,""code"":null}}"
5207,9,2023-09-27 21:06:00,"{""channel"":""web"",""device"":""desktop"",""items"":[{""product_id"":111,""qty"":3},{""product_id"":108,""qty"":1},{""product_id"":107,""qty"":4}],""promo"":{""applied"":false,""code"":null}}"
5208,5,2023-09-27 11:42:00,"{""channel"":""web"",""device"":""desktop"",""items"":[{""product_id"":108,""qty"":1},{""product_id"":101,""qty"":1},{""product_id"":103,""qty"":1}],""promo"":{""applied"":false,""code"":null}}"
5209,2,2023-09-27 16:58:00,"{""channel"":""web"",""device"":""desktop"",""items"":[{""product_id"":105,""qty"":3},{""product_id"":111,""qty"":1},{""product_id"":112,""qty"":2}],""promo"":{""applied"":true,""code"":""WELCOME5""}}"
5210,13,2023-09-28 12:11:00,"{""channel"":""web"",""device"":""desktop"",""items"":[{""product_id"":109,""qty"":1}],""promo"":{""applied"":false,""code"":null}}"
5211,12,2023-09-28 18:18:00,"{""channel"":""app"",""device"":""ios"",""items"":[{""product_id"":101,""qty"":1},{""product_id"":102,""qty"":3}],""promo"":{""applied"":false,""code"":null}}"
5212,13,2023-09-29 20:44:00,"{""channel"":""web"",""device"":""mobile"",""items"":[{""product_id"":111,""qty"":1},{""product_id"":108,""qty"":1},{""product_id"":109,""qty"":2}],""promo"":{""applied"":true,""code"":""WELCOME5""}}"
5213,13,2023-09-30 17:57:00,"{""channel"":""store"",""device"":""pos"",""items"":[{""product_id"":101,""qty"":2}],""promo"":{""applied"":false,""code"":null}}"
5214,13,2023-09-30 11:10:00,"{""channel"":""app"",""device"":""ios"",""items"":[{""product_id"":101,""qty"":2}],""promo"":{""applied"":true,""code"":""WELCOME5""}}"
5215,5,2023-09-30 16:47:00,"{""channel"":""app"",""device"":""android"",""items"":[{""product_id"":106,""qty"":2},{""product_id"":101,""qty"":1}],""promo"":{""applied"":false,""code"":null}}"
5216,8,2023-10-01 13:33:00,"{""channel"":""store"",""device"":""pos"",""items"":[{""product_id"":102,""qty"":4}],""promo"":{""applied"":false,""code"":null}}"
5217,4,2023-10-02 19:45:00,"{""channel"":""web"",""device"":""mobile"",""items"":[{""product_id"":103,""qty"":3},{""product_id"":108,""qty"":2}],""promo"":{""applied"":false,""code"":null}}"
5218,5,2023-10-02 15:53:00,"{""channel"":""web"",""device"":""desktop"",""items"":[{""product_id"":107,""qty"":1}],""promo"":{""applied"":false,""code"":null}}"
5219,11,2023-10-02 15:42:00,"{""channel"":""web"",""device"":""mobile"",""items"":[{""product_id"":103,""qty"":2},{""product_id"":101,""qty"":2},{""product_id"":111,""qty"":1}],""promo"":{""applied"":true,""code"":""FREESHIP""}}"
5220,2,2023-10-04 10:40:00,"{""channel"":""app"",""device"":""android"",""items"":[{""product_id"":106,""qty"":2},{""product_id"":109,""qty"":4}],""promo"":{""applied"":false,""code"":null}}"
5221,7,2023-10-04 11:45:00,"{""channel"":""app"",""device"":""ios"",""items"":[{""product_id"":112,""qty"":1}],""promo"":{""applied"":false,""code"":null}}"
5222,13,2023-10-05 16:51:00,"{""channel"":""app"",""device"":""ios"",""items"":[{""product_id"":103,""qty"":1},{""product_id"":111,""qty"":1},{""product_id"":106,""qty"":4}],""promo"":{""applied"":true,""code"":""WELCOME5""}}"
5223,5,2023-10-06 16:24:00,"{""channel"":""web"",""device"":""mobile"",""items"":[{""product_id"":107,""qty"":1},{""product_id"":111,""qty"":1},{""product_id"":108,""qty"":2}],""promo"":{""applied"":true,""code"":""FREESHIP""}}"
5224,2,2023-10-06 18:13:00,"{""channel"":""app"",""device"":""android"",""items"":[{""product_id"":103,""qty"":1}],""promo"":{""applied"":false,""code"":null}}"
5225,1,2023-10-07 17:42:00,"{""channel"":""store"",""device"":""pos"",""items"":[{""product_id"":105,""qty"":2},{""product_id"":108,""qty"":2},{""product_id"":104,""qty"":1}],""promo"":{""applied"":true,""code"":""FREESHIP""}}"
5226,1,2023-10-08 19:01:00,"{""channel"":""app"",""device"":""android"",""items"":[{""product_id"":105,""qty"":2}],""promo"":{""applied"":false,""code"":null}}"
5227,2,2023-10-09 12:40:00,"{""channel"":""web"",""device"":""desktop"",""items"":[{""product_id"":106,""qty"":4}],""promo"":{""applied"":false,""code"":null}}"
5228,6,2023-10-09 09:44:00,"{""channel"":""web"",""device"":""mobile"",""items"":[{""product_id"":111,""qty"":1},{""product_id"":101,""qty"":1}],""promo"":{""applied"":false,""code"":null}}"
5229,6,2023-10-10 15:51:00,"{""channel"":""app"",""device"":""android"",""items"":[{""product_id"":107,""qty"":1},{""product_id"":101,""qty"":1}],""promo"":{""applied"":false,""code"":null}}"
5230,12,2023-10-12 10:37:00,"{""channel"":""web"",""device"":""mobile"",""items"":[{""product_id"":112,""qty"":4}],""promo"":{""applied"":false,""code"":null}}"
5231,1,2023-10-13 18:06:00,"{""channel"":""web"",""device"":""desktop"",""items"":[{""product_id"":106,""qty"":2},{""product_id"":109,""qty"":1}],""promo"":{""applied"":false,""code"":null}}"
5232,6,2023-10-13 09:52:00,"{""channel"":""web"",""device"":""desktop"",""items"":[{""product_id"":108,""qty"":4}],""promo"":{""applied"":false,""code"":null}}"
5233,11,2023-10-15 13:51:00,"{""channel"":""web"",""device"":""desktop"",""items"":[{""product_id"":104,""qty"":1}],""promo"":{""applied"":false,""code"":null}}"
5234,5,2023-10-15 10:31:00,"{""channel"":""app"",""device"":""android"",""items"":[{""product_id"":104,""qty"":3}],""promo"":{""applied"":false,""code"":null}}"
5235,11,2023-10-16 11:57:00,"{""channel"":""web"",""device"":""desktop"",""items"":[{""product_id"":102,""qty"":1},{""product_id"":111,""qty"":3}],""promo"":{""applied"":true,""code"":""SAVE10""}}"
5236,2,2023-10-16 17:32:00,"{""channel"":""app"",""device"":""ios"",""items"":[{""product_id"":112,""qty"":3},{""product_id"":104,""qty"":3},{""product_id"":102,""qty"":3}],""promo"":{""applied"":false,""code"":null}}"
5237,4,2023-10-17 20:53:00,"{""channel"":""web"",""device"":""mobile"",""items"":[{""product_id"":101,""qty"":2}],""promo"":{""applied"":false,""code"":null}}"
5238,6,2023-10-17 21:40:00,"{""channel"":""web"",""device"":""desktop"",""items"":[{""product_id"":106,""qty"":1}],""promo"":{""applied"":false,""code"":null}}"
5239,1,2023-10-18 16:28:00,"{""channel"":""web"",""device"":""desktop"",""items"":[{""product_id"":104,""qty"":1}],""promo"":{""applied"":false,""code"":null}}"
5240,3,2023-10-18 11:19:00,"{""channel"":""web"",""device"":""desktop"",""items"":[{""product_id"":112,""qty"":4}],""promo"":{""applied"":false,""code"":null}}"
5241,4,2023-10-19 16:38:00,"{""channel"":""app"",""device"":""ios"",""items"":[{""product_id"":108,""qty"":1}],""promo"":{""applied"":false,""code"":null}}"
5242,4,2023-10-20 17:48:00,"{""channel"":""web"",""device"":""desktop"",""items"":[{""product_id"":107,""qty"":1}],""promo"":{""applied"":false,""code"":null}}"
5243,8,2023-10-20 19:10:00,"{""channel"":""app"",""device"":""ios"",""items"":[{""product_id"":111,""qty"":1},{""product_id"":105,""qty"":4}],""promo"":{""applied"":false,""code"":null}}"
5244,1,2023-10-20 17:57:00,"{""channel"":""store"",""device"":""pos"",""items"":[{""product_id"":104,""qty"":2},{""product_id"":103,""qty"":2},{""product_id"":106,""qty"":3}],""promo"":{""applied"":false,""code"":null}}"
5245,7,2023-10-21 13:46:00,"{""channel"":""app"",""device"":""ios"",""items"":[{""product_id"":102,""qty"":1},{""product_id"":105,""qty"":1},{""product_id"":112,""qty"":1}],""promo"":{""applied"":false,""code"":null}}"
5246,9,2023-10-22 14:41:00,"{""channel"":""web"",""device"":""mobile"",""items"":[{""product_id"":102,""qty"":2},{""product_id"":106,""qty"":3}],""promo"":{""applied"":false,""code"":null}}"
5247,8,2023-10-23 09:04:00,"{""channel"":""store"",""device"":""pos"",""items"":[{""product_id"":102,""qty"":1},{""product_id"":104,""qty"":3}],""promo"":{""applied"":false,""code"":null}}"
5248,11,2023-10-24 15:45:00,"{""channel"":""web"",""device"":""desktop"",""items"":[{""product_id"":109,""qty"":2},{""product_id"":111,""qty"":1}],""promo"":{""applied"":false,""code"":null}}"
5249,1,2023-10-24 19:31:00,"{""channel"":""app"",""device"":""android"",""items"":[{""product_id"":103,""qty"":1}],""promo"":{""applied"":false,""code"":null}}"
5250,13,2023-10-24 18:21:00,"{""channel"":""web"",""device"":""mobile"",""items"":[{""product_id"":105,""qty"":2},{""product_id"":101,""qty"":1},{""product_id"":104,""qty"":2}],""promo"":{""applied"":false,""code"":null}}"
5251,12,2023-10-25 19:38:00,"{""channel"":""app"",""device"":""android"",""items"":[{""product_id"":107,""qty"":2}],""promo"":{""applied"":false,""code"":null}}"
5252,9,2023-10-26 11:46:00,"{""channel"":""web"",""device"":""mobile"",""items"":[{""product_id"":106,""qty"":1},{""product_id"":111,""qty"":1},{""product_id"":108,""qty"":1}],""promo"":{""applied"":false,""code"":null}}"
5253,6,2023-10-26 11:19:00,"{""channel"":""app"",""device"":""android"",""items"":[{""product_id"":107,""qty"":1}],""promo"":{""applied"":false,""code"":null}}"
5254,11,2023-10-27 18:23:00,"{""channel"":""web"",""device"":""mobile"",""items"":[{""product_id"":107,""qty"":4}],""promo"":{""applied"":false,""code"":null}}"
5255,4,2023-10-27 15:10:00,"{""channel"":""app"",""device"":""android"",""items"":[{""product_id"":102,""qty"":1},{""product_id"":109,""qty"":4}],""promo"":{""applied"":false,""code"":null}}"
5256,1,2023-10-28 09:37:00,"{""channel"":""web"",""device"":""desktop"",""items"":[{""product_id"":101,""qty"":4},{""product_id"":104,""qty"":2}],""promo"":{""applied"":false,""code"":null}}"
5257,1,2023-10-29 14:28:00,"{""channel"":""app"",""device"":""android"",""items"":[{""product_id"":104,""qty"":2},{""product_id"":101,""qty"":1},{""product_id"":109,""qty"":3}],""promo"":{""applied"":false,""code"":null}}"
5258,3,2023-10-29 10:10:00,"{""channel"":""store"",""device"":""pos"",""items"":[{""product_id"":107,""qty"":2},{""product_id"":108,""qty"":4}],""promo"":{""applied"":false,""code"":null}}"
5259,1,2023-10-30 20:42:00,"{""channel"":""app"",""device"":""ios"",""items"":[{""product_id"":101,""qty"":1},{""product_id"":107,""qty"":2},{""product_id"":105,""qty"":2}],""promo"":{""applied"":false,""code"":null}}"
5260,10,2023-11-01 19:46:00,"{""channel"":""app"",""device"":""ios"",""items"":[{""product_id"":112,""qty"":2}],""promo"":{""applied"":false,""code"":null}}"
5261,10,2023-11-01 14:09:00,"{""channel"":""web"",""device"":""desktop"",""items"":[{""product_id"":106,""qty"":1},{""product_id"":109,""qty"":1},{""product_id"":111,""qty"":1}],""promo"":{""applied"":false,""code"":null}}"
5262,6,2023-11-02 09:56:00,"{""channel"":""web"",""device"":""mobile"",""items"":[{""product_id"":101,""qty"":2},{""product_id"":107,""qty"":1}],""promo"":{""applied"":true,""code"":""SAVE10""}}"
5263,12,2023-11-03 20:42:00,"{""channel"":""web"",""device"":""mobile"",""items"":[{""product_id"":104,""qty"":1}],""promo"":{""applied"":false,""code"":null}}"
5264,11,2023-11-03 10:16:00,"{""channel"":""store"",""device"":""pos"",""items"":[{""product_id"":105,""qty"":3},{""product_id"":112,""qty"":3},{""product_id"":103,""qty"":3}],""promo"":{""applied"":false,""code"":null}}"
5265,7,2023-11-03 12:05:00,"{""channel"":""app"",""device"":""android"",""items"":[{""product_id"":107,""qty"":1},{""product_id"":108,""qty"":4}],""promo"":{""applied"":false,""code"":null}}"
5266,4,2023-11-04 11:42:00,"{""channel"":""app"",""device"":""android"",""items"":[{""product_id"":111,""qty"":4}],""promo"":{""applied"":true,""code"":""FREESHIP""}}"
5267,11,2023-11-04 19:24:00,"{""channel"":""web"",""device"":""mobile"",""items"":[{""product_id"":111,""qty"":3},{""product_id"":107,""qty"":2},{""product_id"":104,""qty"":1}],""promo"":{""applied"":false,""code"":null}}"
5268,9,2023-11-04 15:41:00,"{""channel"":""web"",""device"":""desktop"",""items"":[{""product_id"":107,""qty"":2}],""promo"":{""applied"":true,""code"":""SAVE10""}}"
5269,6,2023-11-05 14:51:00,"{""channel"":""store"",""device"":""pos"",""items"":[{""product_id"":102,""qty"":4}],""promo"":{""applied"":true,""code"":""WELCOME5""}}"
5270,9,2023-11-05 17:30:00,"{""channel"":""web"",""device"":""mobile"",""items"":[{""product_id"":112,""qty"":4},{""product_id"":106,""qty"":3}],""promo"":{""applied"":true,""code"":""FREESHIP""}}"
5271,13,2023-11-05 12:24:00,"{""channel"":""web"",""device"":""desktop"",""items"":[{""product_id"":106,""qty"":2},{""product_id"":104,""qty"":2},{""product_id"":108,""qty"":1}],""promo"":{""applied"":false,""code"":null}}"
5272,11,2023-11-07 10:50:00,"{""channel"":""app"",""device"":""android"",""items"":[{""product_id"":107,""qty"":1}],""promo"":{""applied"":true,""code"":""WELCOME5""}}"
5273,7,2023-11-08 14:14:00,"{""channel"":""web"",""device"":""mobile"",""items"":[{""product_id"":101,""qty"":2},{""product_id"":109,""qty"":1}],""promo"":{""applied"":false,""code"":null}}"
5274,7,2023-11-09 12:06:00,"{""channel"":""app"",""device"":""ios"",""items"":[{""product_id"":108,""qty"":3},{""product_id"":109,""qty"":1}],""promo"":{""applied"":false,""code"":null}}"
5275,12,2023-11-09 17:26:00,"{""channel"":""app"",""device"":""ios"",""items"":[{""product_id"":104,""qty"":1},{""product_id"":107,""qty"":1}],""promo"":{""applied"":false,""code"":null}}"
5276,9,2023-11-12 16:15:00,"{""channel"":""app"",""device"":""ios"",""items"":[{""product_id"":104,""qty"":2}],""promo"":{""applied"":false,""code"":null}}"
5277,8,2023-11-12 17:53:00,"{""channel"":""app"",""device"":""android"",""items"":[{""product_id"":103,""qty"":2}],""promo"":{""applied"":false,""code"":null}}"
5278,6,2023-11-13 12:25:00,"{""channel"":""web"",""device"":""desktop"",""items"":[{""product_id"":108,""qty"":2},{""product_id"":112,""qty"":2}],""promo"":{""applied"":false,""code"":null}}"
5279,5,2023-11-13 19:51:00,"{""channel"":""store"",""device"":""pos"",""items"":[{""product_id"":105,""qty"":2}],""promo"":{""applied"":true,""code"":""WELCOME5""}}"
5280,3,2023-11-14 20:57:00,"{""channel"":""web"",""device"":""desktop"",""items"":[{""product_id"":111,""qty"":2}],""promo"":{""applied"":false,""code"":null}}"
5281,1,2023-11-15 17:46:00,"{""channel"":""app"",""device"":""ios"",""items"":[{""product_id"":107,""qty"":4}],""promo"":{""applied"":true,""code"":""FREESHIP""}}"
5282,13,2023-11-15 20:06:00,"{""channel"":""web"",""device"":""mobile"",""items"":[{""product_id"":102,""qty"":4},{""product_id"":107,""qty"":2}],""promo"":{""applied"":true,""code"":""FREESHIP""}}"
5283,13,2023-11-16 19:15:00,"{""channel"":""store"",""device"":""pos"",""items"":[{""product_id"":111,""qty"":1},{""product_id"":103,""qty"":3}],""promo"":{""applied"":false,""code"":null}}"
5284,10,2023-11-17 10:44:00,"{""channel"":""app"",""device"":""android"",""items"":[{""product_id"":101,""qty"":4}],""promo"":{""applied"":true,""code"":""WELCOME5""}}"
5285,5,2023-11-19 16:25:00,"{""channel"":""app"",""device"":""ios"",""items"":[{""product_id"":104,""qty"":1}],""promo"":{""applied"":false,""code"":null}}"
5286,2,2023-11-21 11:40:00,"{""channel"":""web"",""device"":""mobile"",""items"":[{""product_id"":107,""qty"":1}],""promo"":{""applied"":false,""code"":null}}"
5287,12,2023-11-21 16:32:00,"{""channel"":""web"",""device"":""desktop"",""items"":[{""product_id"":102,""qty"":2},{""product_id"":111,""qty"":2}],""promo"":{""applied"":false,""code"":null}}"
5288,4,2023-11-21 11:24:00,"{""channel"":""web"",""device"":""mobile"",""items"":[{""product_id"":101,""qty"":3},{""product_id"":103,""qty"":1}],""promo"":{""applied"":false,""code"":null}}"
5289,5,2023-11-23 20:30:00,"{""channel"":""web"",""device"":""mobile"",""items"":[{""product_id"":105,""qty"":2},{""product_id"":102,""qty"":2}],""promo"":{""applied"":false,""code"":null}}"
5290,9,2023-11-24 11:17:00,"{""channel"":""store"",""device"":""pos"",""items"":[{""product_id"":108,""qty"":1},{""product_id"":106,""qty"":4},{""product_id"":109,""qty"":1}],""promo"":{""applied"":true,""code"":""FREESHIP""}}"
5291,8,2023-11-24 20:21:00,"{""channel"":""app"",""device"":""ios"",""items"":[{""product_id"":108,""qty"":1}],""promo"":{""applied"":false,""code"":null}}"
5292,13,2023-11-24 12:09:00,"{""channel"":""app"",""device"":""ios"",""items"":[{""product_id"":107,""qty"":4}],""promo"":{""applied"":false,""code"":null}}"
5293,2,2023-11-25 10:09:00,"{""channel"":""app"",""device"":""ios"",""items"":[{""product_id"":107,""qty"":1}],""promo"":{""applied"":false,""code"":null}}"
5294,8,2023-11-25 14:41:00,"{""channel"":""store"",""device"":""pos"",""items"":[{""product_id"":101,""qty"":2}],""promo"":{""applied"":false,""code"":null}}"
5295,12,2023-11-28 13:28:00,"{""channel"":""web"",""device"":""desktop"",""items"":[{""product_id"":101,""qty"":3}],""promo"":{""applied"":false,""code"":null}}"
5296,3,2023-11-28 12:57:00,"{""channel"":""app"",""device"":""ios"",""items"":[{""product_id"":108,""qty"":3},{""product_id"":107,""qty"":3}],""promo"":{""applied"":true,""code"":""FREESHIP""}}"
5297,8,2023-11-28 13:22:00,"{""channel"":""store"",""device"":""pos"",""items"":[{""product_id"":104,""qty"":1}],""promo"":{""applied"":true,""code"":""WELCOME5""}}"
5298,6,2023-12-01 17:16:00,"{""channel"":""app"",""device"":""ios"",""items"":[{""product_id"":101,""qty"":2},{""product_id"":108,""qty"":1}],""promo"":{""applied"":true,""code"":""SAVE10""}}"
5299,3,2023-12-02 15:29:00,"{""channel"":""web"",""device"":""mobile"",""items"":[{""product_id"":112,""qty"":1},{""product_id"":101,""qty"":4}],""promo"":{""applied"":false,""code"":null}}"
5300,3,2023-12-03 12:41:00,"{""channel"":""store"",""device"":""pos"",""items"":[{""product_id"":101,""qty"":1},{""product_id"":108,""qty"":2}],""promo"":{""applied"":false,""code"":null}}"
5301,5,2023-12-03 19:36:00,"{""channel"":""web"",""device"":""mobile"",""items"":[{""product_id"":112,""qty"":2}],""promo"":{""applied"":false,""code"":null}}"
5302,3,2023-12-04 13:50:00,"{""channel"":""web"",""device"":""desktop"",""items"":[{""product_id"":103,""qty"":1}],""promo"":{""applied"":false,""code"":null}}"
5303,4,2023-12-05 20:25:00,"{""channel"":""web"",""device"":""mobile"",""items"":[{""product_id"":103,""qty"":1},{""product_id"":107,""qty"":1}],""promo"":{""applied"":false,""code"":null}}"
5304,10,2023-12-06 12:15:00,"{""channel"":""web"",""device"":""desktop"",""items"":[{""product_id"":104,""qty"":1}],""promo"":{""applied"":true,""code"":""FREESHIP""}}"
5305,7,2023-12-06 14:01:00,"{""channel"":""web"",""device"":""desktop"",""items"":[{""product_id"":109,""qty"":3}],""promo"":{""applied"":false,""code"":null}}"
5306,6,2023-12-06 15:18:00,"{""channel"":""web"",""device"":""desktop"",""items"":[{""product_id"":107,""qty"":3}],""promo"":{""applied"":true,""code"":""SAVE10""}}"
5307,6,2023-12-07 13:07:00,"{""channel"":""web"",""device"":""desktop"",""items"":[{""product_id"":102,""qty"":2},{""product_id"":104,""qty"":1}],""promo"":{""applied"":false,""code"":null}}"
5308,4,2023-12-07 17:06:00,"{""channel"":""web"",""device"":""desktop"",""items"":[{""product_id"":105,""qty"":2},{""product_id"":101,""qty"":1},{""product_id"":108,""qty"":4}],""promo"":{""applied"":true,""code"":""FREESHIP""}}"
5309,3,2023-12-08 17:22:00,"{""channel"":""web"",""device"":""mobile"",""items"":[{""product_id"":105,""qty"":2}],""promo"":{""applied"":false,""code"":null}}"
5310,13,2023-12-08 20:34:00,"{""channel"":""app"",""device"":""android"",""items"":[{""product_id"":107,""qty"":3}],""promo"":{""applied"":true,""code"":""FREESHIP""}}"
5311,2,2023-12-09 21:37:00,"{""channel"":""app"",""device"":""ios"",""items"":[{""product_id"":103,""qty"":1},{""product_id"":106,""qty"":1},{""product_id"":108,""qty"":4}],""promo"":{""applied"":false,""code"":null}}"
5312,7,2023-12-10 09:40:00,"{""channel"":""app"",""device"":""android"",""items"":[{""product_id"":101,""qty"":4},{""product_id"":108,""qty"":1}],""promo"":{""applied"":false,""code"":null}}"
5313,6,2023-12-11 21:33:00,"{""channel"":""web"",""device"":""mobile"",""items"":[{""product_id"":103,""qty"":3},{""product_id"":108,""qty"":2}],""promo"":{""applied"":false,""code"":null}}"
5314,3,2023-12-13 13:30:00,"{""channel"":""web"",""device"":""desktop"",""items"":[{""product_id"":106,""qty"":1}],""promo"":{""applied"":true,""code"":""WELCOME5""}}"
5315,13,2023-12-14 20:36:00,"{""channel"":""app"",""device"":""ios"",""items"":[{""product_id"":102,""qty"":1}],""promo"":{""applied"":false,""code"":null}}"
5316,8,2023-12-15 11:31:00,"{""channel"":""app"",""device"":""android"",""items"":[{""product_id"":107,""qty"":1}],""promo"":{""applied"":false,""code"":null}}"
5317,2,2023-12-16 14:29:00,"{""channel"":""web"",""device"":""desktop"",""items"":[{""product_id"":107,""qty"":1},{""product_id"":101,""qty"":3}],""promo"":{""applied"":false,""code"":null}}"
5318,13,2023-12-16 10:56:00,"{""channel"":""web"",""device"":""desktop"",""items"":[{""product_id"":109,""qty"":4}],""promo"":{""applied"":false,""code"":null}}"
5041,13,2023-09-12 16:41:00,"{""channel"":""app"",""device"":""ios"",""items"":[{""product_id"":106,""qty"":2}],""promo"":{""applied"":true,""code"":""SAVE10""}}"
9001,4,2023-08-02 11:15:00,"{""channel"":""web"",""device"":""desktop"",""items"":[{""product_id"":999,""qty"":1}],""promo"":{""applied"":false,""code"":null}}"
9002,5,2023-08-03 12:00:00,"{""channel"":""app"",""device"":""android"",""items"":[{""product_id"":101,""qty"":0},{""product_id"":102,""qty"":1}],""promo"":{""applied"":false,""code"":null}}"
9003,6,2023-08-04 13:30:00,"{""channel"":""store"",""device"":""pos"",""items"":[{""product_id"":103,""qty"":-2}],""promo"":{""applied"":false,""code"":null}}"
9004,7,2023-08-05 09:45:00,{not valid json at all
9005,8,2030-01-01 00:00:00,"{""channel"":""web"",""device"":""mobile"",""items"":[{""product_id"":104,""qty"":1}],""promo"":{""applied"":false,""code"":null}}"
9006,9,2023-08-07 15:20:00,"{""channel"":""kiosk"",""device"":""tablet"",""items"":[{""product_id"":105,""qty"":1}],""promo"":{""applied"":false,""code"":null}}"
9007,10,2023-08-08 10:05:00,"{""channel"":""web"",""device"":""desktop"",""items"":[{""product_id"":106,""qty"":1}],""promo"":{""applied"":true,""code"":null}}"
9008,11,2023-08-09 17:50:00,"{""channel"":""app"",""device"":""ios"",""items"":[{""product_id"":110,""qty"":2}],""promo"":{""applied"":false,""code"":null}}"
9009,99,2023-08-10 08:30:00,"{""channel"":""web"",""device"":""mobile"",""items"":[{""product_id"":107,""qty"":1}],""promo"":{""applied"":false,""code"":null}}"
